title,label
"U.S. delisting of Chinese firms is mostly a compliance issue on the China side, says academic",business
China planning new strategy to avoid US delistings: Report,business
China plans 3-tier data strategy to avoid US delistings – report,business
Beijing Creates Plan to Halt Most US Delistings – FT,business
China plans three-tier data strategy to avoid U.S delistings - FT By Reuters,business
Tackling a growing methane problem starts with the pipes | FT Energy Source,business
Social Media giant Twitter blames Elon Musk for $270 million loss | Business News | WION,business
"Musk says ‘Im rubber, Twitters glue after Twitter blames him for huge quarterly loss",business
Elon Musk to Blame for Twitter Slowdown?,business
"Twitter Blames Elon Musk, Weak Ad Market For Drop In Revenue",business
"As Twitter blames Elon Musk for revenue decline, here's what world's richest man said",business
US Inflation Will Peak Some Time in This Quarter: Tantia,business
"Inflation, Rate Hikes And JPMorgan Earnings: Forbes AI Newsletter - July 16th",business
The Fed 'doesn't have the guts' to raise rates by 6 to 7%: Strategist,business
The Fed has to cool the red hot labor market to lower inflation: BofA's Ethan Harris,business
Alternative investment strategies aren't 'fighting the Fed': Strategist,business
Students team up with auto industry experts to convert gas-guzzling vehicles to electric,business
"The Indian rupee touched record lows, but not everyone is worried",business
Value Of Rupee Touches 80 Mark Against US Dollar; Should India Be Worried? | Inside,business
Indian rupee rises 9 paise to 79.81 against US dollar in early trade,business
Rupee at 80: What can be done?,business
"EDITORIAL ANALYSIS :Despite pressures, the Indian rupee's remarkable resilience - INSIGHTSIAS",business
Innovation is the foundation of resilient health care systems,business
Elon Musk's Affair With Google Co-Founder's Wife Ended Friendship: Report,business
Elon Musk’s Friendship With Sergey Brin Ruptured by Alleged Affair,business
"Elon Musk Affair With Sergey Brin's Wife Causes Google Co-Founder to Cancel Investments in Tesla, SpaceX",business
"Who is Nicole Shanahan? Inside the life of Google co-founder Sergey Brin's estranged wife, who had an alleged affair with Elon Musk.",business
"Musk had affair with Google co-founder's wife, says report. Tesla CEO hits back",business
"China vows privacy, information protection in using digital yuan",business
Apple's patent history reveals a major push into autos,business
Apple's new car software could be a trojan horse into the automotive industry,business
"Stock Market Today: Dow, S&P Live Updates for July 25",business
"Stocks slip as growth risks sap confidence; bonds, dollar in demand",business
SCHP: Real Yields Dropping - Playing The TIPS Market Through SCHP,business
Asian Stocks Slip On Growth Risks And Demand For Safe-Havens,business
"Business Maverick: Stocks, US equity futures dip on recession worries: markets wrap",business
Thai Life shares up on debut of Southeast Asia's biggest IPO this year,business
"China Property Stocks, Bonds Rally on Reported State Fund Help",business
China plans to set up real estate fund worth up to $44 bln -source,business
China plans to set up real estate fund worth up to $44 billion - REDD,business
China plans to set up real estate fund worth up to $44 billion – REDD,business
China plans to set up real estate fund worth up to $44 bln,business
China plans to set up real estate fund worth up to $44 billion -source,business
China Evergrande Faces Restructuring Plan Deadline,business
China on Alert for Evergrande Restructuring Plan After Shakeup,business
Chinese real estate giant Evergrande ousts top executives,business
Evergrande CEO and CFO resign,business
Evergrande CEO steps down over mystery $3b claim,business
Billionaire Wee Cho Yaw’s UOL Sells 98% Of Singapore Condo Project Amid Robust Housing Demand,business
"First major condo in 8 years in Ang Mo Kio sees 98% sold on launch day, with some families buying more than 1 unit",business
AMO Residence condo in Ang Mo Kio over 98% sold on first day of launch,business
"98% Of Ang Mo Kio Condo Units Sell Out On Launch Day, Only 7 Remaining",business
Investors bet on redemption for China's godfather of education,business
Regulations Forced China's Tutors Out of a Job. Will TikTok Save Them?,business
Thai Stock Market May Run Out Of Steam On Monday,business
Oil drops as concerns over slowdown offset tight crude market - News for the Energy Sector,business
Oil falls on concerns expected Fed hike will impact fuel demand,business
Latest Oil Market News and Analysis for July 25,business
Oil extends losing streak on fears Fed hike will dampen fuel demand,business
Oil Prices Have Fallen. So Why Do Supply And Demand Imbalances Remain?,business
Monitoring the impact of security solutions on user experiences is critical,business
Australia's Genex Power gets $220 mln take-private offer led by tech billionaire,business
"Atlassian Billionaire Farquhar Bids for Solar, Wind, Hydro Developer",business
Genex share price rockets 50% on confirmed takeover bid,business
"Stocks of the Hour: Genex Power, Terracom, Flight Centre Travel",business
Bank of Japan board reshuffle brings in less dovish member,business
"US Fed meeting, and will the markets see a sell-off again?",business
The Fed May Hand The Stock Market A Gigantic Shock This Week,business
Reprise: Why The Upcoming Rise In Interest Rates Will Be The Fed's Last Hurrah,business
Will the Federal Reserve kill the stock-market bounce?,business
"US Fed meeting, and will the markets see a sell-off again?s",business
What drove the bull run in the markets last week?,business
Call for entries: FT Tech Champions 2022,business
Private equity firm CVC sells TMF Group stake to its own fund,business
Abu Dhabi Investment Authority to invest in TMF Group: Sources,business
Abu Dhabi's Wealth Fund Buys Stake in CVC-Owned TMF Group,business
HR automation platform Omni wants to be the ‘Rippling of Southeast Asia’,business
"UBS on how to invest in EVs, rising electric vehicle adoption",business
Morgan Stanley unveils its Deflation Enablers stock shopping list (NASDAQ:TER),business
Earnings playbook: The investing game plan as Apple and Alphabet lead the busiest week of the season,business
The world is growing old at a rapid pace. Here are ways to invest for a gray future,business
Traders find some reasons to be optimistic while deciphering the latest earnings results,business
GM subsidiary Cruise to start operating e-vehicles on Dubai roads,business
Electric cars to create digital map of Dubai for first driverless taxis,business
Dubai starts charting digital city maps for driverless taxis,business
Driverless taxis in Dubai: How Cruise autonomous vehicles work,business
Driverless taxis in Dubai: 2 special vehicles to chart digital maps for autonomous vehicles,business
Japan Ahead : Dassai President & CEO Kazuhiro Sakurai,business
Barclays Takes Punt on Crypto Firm Copper in Latest Funding Round,business
Dollar firm as Fed meeting and growth risks dominate,business
US Dollar Technical Forecast: USD Exhaustion- DXY Turns Ahead of Fed,business
"The Week Ahead: Fed rate decision; UK banks, US tech results",business
US Dollar Index looks bid above 107.00 ahead of PMIs,business
DoorDash Delivers Beer and Wine Right to Your Door. Here's How It Works,business
Edge On The Clock: DoorDash Changes Alcohol Delivery Policy,business
DoorDash Will Now Scan IDs to Crack Down on Underage Alcohol Orders,business
DoorDash tightens alcohol delivery policy,business
No Sign of Recession Fears in Fixed-Income Markets,business
"Are we in a recession? If you think you know the answer, you’re only partly right",business
Is A Recession Looming? Why History Says We Shouldn’t Panic,business
Is a recession inevitable? Five economists weigh in,business
Boeing Defense Workers Plan To Strike Aug. 1,business
"About 2,500 Boeing workers to strike after rejecting contract offer",business
Boeing workers vote for strike,business
"Boeing Defense Workers Reject Contract, Plan to Strike Aug. 1",business
Live news updates: Boeing military plants employees vote to strike,business
European banks set to benefit from rising interest rates,business
The strong dollar wipes billions off US corporate earnings,business
Tech Roundup: Earnings results show mixed messages across the industry (NYSE:IBM),business
"IBM sees revenue jump, expanding opportunities from hybrid cloud",business
"Hot Stocks: AXP, SLB, COF, STX.",business
How the Morrisons buyout turned into a nightmare for Goldman Sachs,business
Global shortage of fibre optic cable threatens digital growth,business
Banks question transfer of funds by NRIs via LLP route,business
Zomato Plunges 11% to Record Low as IPO Lock-Up Period Expires,business
Why Zomato shares plunged to all-time low today | Mint,business
"Zomato share hits record low, declines over 12%-Heres what led to massive decline in stock price",business
Zomato In Focus As One Year Lock In Period Ends On Jul 23 | ET Now | Latest News,business
"Down 69% From Its ATH Price, This New Age Stock Is Given Sell On Rise Call",business
8 Content Marketing Metrics You Should Actually Care About [Infographic],business
Gold Price Gains as US Dollar and Yields Look to the Fed. Will XAU/USD Recover?,business
Gold Drops as Investors Prepare for Fed's Next Jumbo Rate Hike,business
Commodities Update — Gold up; Wheat down by 6 percent; Copper rises,business
"Gold Price Forecast: XAUUSD eyes upside above $1,730 as 1% Fed rate hike gets off the table",business
"Key levels: Gold needs to sustain above Rs 50,700; Silver above Rs 54,100",business
Letter: A green economy means curbing growth of the financial sector,business
Tesla aims to make servicing easier with a new self-diagnostic feature,business
Inverted yield curve in China savings rates signals sustained economic slowdown,business
Inverted yield curve in China savings rates signals sustained slowdown,business
"Asian shares start week lower, tracking Wall St retreat",business
"Philippines Tycoon, Duterte's Ally's Stocks Tumble on Default Notice From Banks",business
Dennis Uy’s Udenna disputes debt default,business
Dennis Uy avoids default after payment of Clark project debt,business
Shares in Philippine-listed companies drop on parent Udenna’s debt position,business
Where in the world is Dennis Uy?,business
Digital Innovation: Huawei Unveil MEGA digital Infrastructure Solutions USA - English - USA - English,business
"Huawei, TD Africa Launch Digital Power Solutions for Nigerian Market",business
The Commodities Feed: EU energy ministers set to meet,business
Hedge funds help China ETFs shine,business
KKR backs medicine start-up as private equity pushes into sector,business
Investors still need to tread warily in emerging markets,business
ASIA RESIDUAL FUELS: Key market indicators for July 25-29,business
"Market Movers Asia, July 25-29: Southeast Asian sweet crude premiums surge; return of Ukrainian wheat, corn in focus",business
CIFI Holdings' Shares Rise After Key Shareholders Bulk Up Stakes,business
Battered Bitcoin Devotees Begin to Contemplate a Market Bottom,business
Fed set for another big rate hike with economy on knife's edge,business
Fed to implement second 0.75 point rate rise amid uncertainty over next steps,business
Fed to Inflict More Pain on Economy as It Readies Big Rate Hike,business
Weekly Fundamental US Dollar Forecast: July Fed Meeting in Focus,business
Federal Reserve prepares for major interest rate increase,business
Crude oil futures start week on bearish note amid weak economic indicators,business
Japan's Biggest Lender Seeks Bankers for the Rich in Wealth Push,business
"Sensex, Nifty Seen Tad Lower At Open",business
Pre-Open: New Week Likely to Begin Lower Ahead of Fed's Meet & Weak Cues,business
Dow Loses Early Gains; Will AmEx Finish A New Base?,business
China Feihe Slumps on Weaker Earnings Outlook,business
3 Things to Watch in the Stock Market This Week,business
"Indian Morning Briefing: Asian Markets Mostly Lower; Focus on Earnings, Fed This Week",business
"Dow Futures Tick Lower Ahead of Fed Hike, Earnings Season Heats Up By Investing.com",business
"Stock futures are little changed as Wall Street braces for a busy week of earnings, Fed meeting",business
Stock Market This Week (US): US markets ended higher amid signs of fading inflationary pressures,business
Aluminum Corp. of China Shares Rise After Latest Acquisition,business
"Japan's Nikkei set to snap 7-day winning streak; Fed meet, U.S. GDP in focus",business
Tokyo Shares Reverse Losses in Today's Trade - Equitypandit,business
Tokyo stocks close higher on hopes for brisk earnings,business
"Nikkei rallies for 7th straight day on weak yen, firm tech shares - The Mainichi",business
Strongwind delivers floating production unit for operation offshore Indonesia,business
"Voyager Responds to FTX's Offer, Calling It a 'Low-Ball' Bid",business
Crypto: Customers of Bankrupt Lender May Get their Money Back Soon,business
Crypto Giant FTX Reveals Proposal for Customers of Embattled Firm Voyager To Cash Out Early,business
"FTX to Help Voyager Customers, CEO Says Firm Willing to Deploy 'Hundreds of Millions' to Help Crypto Industry – Bitcoin News",business
FTX offers sinking ship Voyager a lifeboat; investors to receive a refund on their investments,business
"Five Things You Need to Know: Evergrande, Fed, monkeypox, Covid jab",business
"Stock Markets Today: Italy election, Biden's got Covid, ECB tool, France deficit",business
"EMERGING MARKETS-S.Korean won, Thai baht lead gains among Asian FX",business
"S.Korean shares flat as rate-hike bets, key economic data loom",business
Seoul shares open higher amid lingering recession woes,business
Tesla poised to open its Supercharger network to other electric vehicles,business
Mod Turns The Cat From Stray Into CJ From San Andreas,technology
This Stray Mod Let's Your Cat Do The Heavy Rain Jason Scream Instead Of Meowing,technology
"'Stray' mod replaces meow with ""Jason!"" meme from 'Heavy Rain'",technology
You can now play Stray in first-person mode thanks to this mod,technology
"You Can Already Play Stray As Garfield, Because Of Course",technology
Lebron James Launches Nutritional And Supplement Brand,technology
Tech Bar blends tech with artistic expression,technology
"Garena Free Fire Redeem codes for July 25, 2022: How to get skins and pets for free",technology
Best Free Fire MAX 4-finger layout for new players (2022),technology
Garena Free Fire Redeem Codes For Today 25 July 2022 : Claim Free Rewards,technology
"Garena Free Fire MAX Redeem Codes for July 25: Grab weapons, bundles emotes and more for FREE",technology
How to complete Friends Call Back event in Free Fire and FF MAX,technology
"Aussie Deals: Your Link to a $39 Zelda, 49 Buck Metroid, Up to 85% off in a PS Winter Sale! - IGN",technology
Best deals from the PlayStation Winter Sale,technology
Now stream your meetings on YouTube with Google meet,technology
Google Meets Can Now Be Livestreamed on YouTube,technology
Google Meet's YouTube live streaming feature rolling out now,technology
Google Meet can be LIVE on YouTube now! This is what will be new,technology
google: Google Meet allows users to livestream meetings on YouTube,technology
"The Brilliant 'Papers, Please' Is Coming to iPhone and Android on August 5th, Free Update for Existing iPad Owners – TouchArcade",technology
New City-Building Game Is All About The Voxels,technology
Urbek City Builder Review: A Beginner's Guide to City Planning,technology
Exclusive Look at The Callisto Protocol SDCC Afterparty,technology
"Microsoft: KB5015882, KB5015814 updates break Start menu in Windows 11",technology
Microsoft rolls back KB5014668 update for Windows 11 because it broke the Start menu,technology
The latest Windows 11 update fixes issue behind your File Explorer crashes,technology
Windows 11 update rolled back because of Start Menu opening issues,technology
"Microsoft confirms Windows 11 Start menu fails to start, issues workaround",technology
CommScope Enters Wi-Fi 6E Retail Market with Launch of Two New ARRIS Products,technology
Pin up to 3 WhatsApp chats on top; here's how,technology
The OnePlus 10T won't have a mute switch — here's why,technology
"OnePlus Ace Pro launch date confirmed, official renders emerge",technology
"OnePlus 10T ditches the brand’s famous Alert Slider, and its Hasselblad partnership",technology
Details about the OnePlus 10T’s price and release date have been leaked,technology
OnePlus 10T camera setup revealed officially ahead of launch - comments,technology
Google Camera ‘temporarily disabled’ Frequent Faces on the Pixel,technology
"12-inch MacBook (2023): Apple Silicon chip, super-thin design, and more rumors",technology
Midnight Fight Express Brings Brawling to Life in Mocap Making of Trailer,technology
Bringing brawling to life in Midnight Fight Express,technology
Midnight Fight Express Brings Its 'Brutal Brawler' To Xbox Game Pass This August,technology
Midnight Fight Express: Bringing Brawling to Life - Motion Capture Behind the Scenes | Humble Games,technology
Midnight Fight Express Trailer Showcases Behind the Scenes Mocap Brawling Ahead of August Xbox Game Pass Release | XboxAchievements.com,technology
Apple Watch ‘Pro’ will reportedly introduce first series redesign since 2018,technology
A rugged Apple Watch Pro will feature a larger display & titanium body,technology
"Gurman: Apple Watch 'Pro' to Offer First True Redesign Since Series 4, but No Flat Sides",technology
Rugged 'Apple Watch Pro' could have an upgraded titanium design,technology
Apple Watch Pro could ditch the current rectangular form but it won't be for everybody,technology
Google Pixel 6a in for review - GSMArena.com news,technology
Weekend poll: Did you pre-order the Pixel 6a or Pixel Buds Pro?,technology
The Pixel 6a is further proof that you don't need expensive camera parts in your next phone,technology
Google Pixel 6a in for review - comments,technology
Google Pixel 6a vs. Nothing Phone 1: Which should you pick?,technology
Crafting Guide: How to Craft The Best Items in The Prehistory Chapter - Live a Live Wiki Guide,technology
Live a Live: Prehistory Crafting List,technology
"Evaluating the Elemental Composition, Transformation Behavior, Crystalline Structure, and Mechanical Properties of Three 0.016-Inch by 0.022-Inch Nickel-Titanium Archwires: An In Vitro Study",technology
Pokemon Go Players Worked Together To Unlock Ultra Hisuian Discoveries And Raid Day,technology
Ultra Unlock bonuses add Hisuian Braviary to Pokémon Go's Hisuian Discoveries event,technology
Pokemon Go accidentally gave out ‘world’s first’ Xurkitree during Go Fest Seattle,technology
Pokémon Go game director talks augmented reality as Seattle Center hosts live event,technology
Shiny Hisuian Braviary Raid Day Comes To Pokémon GO For Ultra Unlock,technology
Funko x 10:10 Games - Action Platformer Teaser Trailer,technology
Funko partners with 10:10 Games for new AAA platformer,technology
Inside the Funko phenomenon at Comic-Con 2022,technology
"Funko and 10:10 Games announce ‘AAA action platformer’ for consoles, PC",technology
Go inside the world of Funko Pop at San Diego Comic-Con,technology
"Microsoft news recap: Project AirSim gets revamped, Surface Headphones 2+ to get Teams certification for use through Bluetooth, and more",technology
Gran Turismo 7 update drops later this week and brings 3 new cars,technology
Gran Turismo 7 Update Adding 3 New Cars,technology
Gran Turismo 7 Update Coming Next Week – GTPlanet,technology
Here are the three new Gran Turismo 7 cars arriving next week,technology
Gran Turismo 7’s next update is adding 3 new cars,technology
"This Week in Pokémon GO: July 25 to 31, 2022",technology
This Week in Pokémon GO: 25-31 July 2022 | Pokémon GO Hub,technology
Pokemon Go Staryu Spotlight Hour is the Perfect Event to Farm Stardust,technology
This Week in Pokémon GO: 18-24 July 2022 | Pokémon GO Hub,technology
Microsoft reminder: Windows Server 20H2 reaches EOS next month,technology
How to downgrade your Google Pixel device from beta or developer preview to stable Android version,technology
How to Change Your Default Emoji Skin Tone on Slack,technology
THE FUTURE COMES TO APGS 2022!,technology
Upgrading Your First Road Bike | GCN's Bike Makeover Ep. 1,technology
What's The Best Way To Ride To Work? | GCN Commuter Challenge,technology
First MIUI 14 signs based on Android 13 emerge alongside unofficial eligibility list with nearly 125 devices,technology
"MIUI 14 based on Android 13 emerges on codebase, to launch soon",technology
"MIUI 14 Details Emerge on Codebase, Announcement Expected Soon",technology
Xiaomi and Poco MIUI 14 update and bugs tracker (cont.updated),technology
MIUI 14 Eligible Device List For All Xiaomi Smartphones,technology
How to Clear the Cache in Microsoft Edge,technology
Reminder: Clear Your iPhone Cache Every Month or So,technology
"Pirelli's bright new yellow tubeless sealant pours road, gravel & MTB versions",technology
Save up to $100 on mirrorless cameras and lenses with Canon deals!,technology
"Speed Read, July 24, 2022",technology
How to Download and Install Stardew Valley Mods,technology
Stardew Valley: How To Use The Recycling Machine,technology
Stardew Valley: How To Find And Use Battery Packs,technology
Stardew Valley: How To Use The Fridge And Mini-Fridge,technology
Stardew Valley: A Complete Guide To The Slime Hutch,technology
How to Get the Apple TV's Aerial Screen Savers on Your Mac,technology
Motorola MA1 is back in stock on Amazon from its manufacturer [U],technology
"This race simulator costs nearly as much as Tesla Model 3, and is made for speed",technology
"Prodrive Racing Simulator Comes With PC And Assetto Corsa Installed, Costs $46,000",technology
Ian Callum Designed A Racing Sim That Costs As Much As A Honda Civic Type R,technology
The 'World's Most Beautiful Racing Simulator' Has Arrived - Maxim,technology
DNA VR in London Blends The Virtual And Physical Worlds,technology
"This iOS 16 feature will help you hide your more, err, sensitive, photos",technology
Download Apple's iOS 16 Beta to Your iPhone Today. Here's How,technology
"iPhones go the Android way, bid farewell to CAPTCHAs & more: Change for the better with iOS 16",technology
iOS 16 lock screen widgets — the best and worst so far,technology
Some iOS 16 Features Are Just Annoying. Here's How to Disable Them,technology
"Ubisoft’s Roller Champions will soon be cancelled, it’s claimed",technology
Ubisoft Reportedly Planning to Already Cancel New Multiplayer Game,technology
How Ubisoft is repeatedly failing to make a successful live-service game,technology
Ubisoft's Free-to-Play Roller Champions Could Already Be on the Chopping Block,technology
Ubisoft Is Reportedly Cancelling Roller Champions,technology
Intel Arc Alchemist refresh reportedly in the works as next-gen Arc Battlemage supposedly gets delayed,technology
"Intel Begins Arc Desktop Graphics Card Ramp, A770 16 GB & A750 8 GB Sampling To Reviewers Soon",technology
"Intel confirms Arc A770 has 16GB memory, A750 features 8GB, sampling starts soon",technology
Fitbit to address divisive Sense and Versa 3 feature with upcoming Sense 2 and Versa 4 smartwatches,technology
Fitbit Sense 2 and Versa 4 photos show the worst feature is dead,technology
"Leaked Fitbit Sense 2, Versa 4 images reveal subtle design tweaks",technology
Google Docs tables for WordPress (and more) in 2022 by Allan Tépper - ProVideo Coalition,technology
Netflix escapes Apple Tax at last as app links to streamer's own subscription site,technology
Netflix adds an external Sign Up button to its iOS app,technology
Netflix starts linking iPhone and iPad users to an external sign-up page,technology
Netflix now features an external subscription button on iOS,technology
Netflix rolling out external subscription button for iOS users,technology
How to Stop Receiving Spam Invites on Google Calendar,technology
"Moto G32 official press renders leaked, launch seems imminent",technology
Chrome zero-day exploit used to target journalists in the Middle East,technology
Google Chrome 0-Day Vulnerability Exploited in The Wild To Deploy Spyware,technology
Candiru Spyware Caught Exploiting Google Chrome Zero-Day to Target Journalists,technology
Google Chrome Zero-Day Weaponized to Spy on Journalists,technology
Guerrilla Games is killing Killzone by shutting down multiplayer servers for two games,technology
Horizon Forbidden West maker is shutting down online service for multiple titles,technology
Guerrilla Announces Shutdown of Servers for Killzone: Shadow Fall and More,technology
Guerrilla Games is shutting down multiplayer servers for two Killzone games,technology
Sony is closing online servers for Killzone Shadow Fall and Killzone Mercenary,technology
"Week 29 in review: Galaxy Z Fold4 and Z Flip4 renders surface, a bunch of new phones announced - GSMArena.com news",technology
Samsung says that foldable smartphone shipments grew by over 300% in 2021,technology
Surprise Samsung Galaxy Android news could force Apple to rethink its iPhone,technology
Huawei's foldable flip phone has something Samsung should try to copy,technology
"Editor's Desk: Apple fall events, Apple TV+ accomplishments, Rene Ritchie's big new job, and our new look",technology
"MacBook Air, TV+ Emmys, Health whitepaper",technology
QBot phishing uses Windows Calculator sideloading to infect devices,technology
Daily Deals: Get a Free Year of Switch Online When You Buy Select Switch Games - IGN,technology
World of Warcraft: Wrath of the Lich King Classic Release Date Leaked by Blizzard,technology
"Developer Says That Kirby Can Transform Because ""He's As Chill As Ever!""",technology
Kirby and the Forgotten Land dev on origins of Mouthful Mode,technology
What's New in Android 13? Not Much,technology
"Synology built a Wi-Fi router for the connected home, and I love it",technology
WhatsApp may let you keep disappearing messages even after they are dead,technology
WhatsApp Update: Keep disappearing messages even after they are dead,technology
Huge change to WhatsApp as ‘kept message’ function could let users save chats before they are deleted...,technology
WhatsApp Is Bringing This Privacy Feature For Its Users,technology
WhatsApp to enable Android users to hide their online status: Report,technology
Google is making Chrome more stylus-friendly for text input with Android 13,technology
3 Ways to Insert a Video in Google Docs,technology
How to save a Google Doc on your computer or smartphone,technology
How to Use Amazon Alexa as Your Personal Planner,technology
Huawei Enjoy 50 Pro Smartphone To Be Announced in China on July 27th – Report,technology
Huawei Mate 50 Pro camera is very functional: Tipster,technology
Huawei Enjoy 50 Pro to launch at HarmonyOS 3.0 event,technology
AMD Ryzen 5 6600H vs Intel Core i5-12600H: New PassMark run leaves Alder Lake part with an edge but Rembrandt has RDNA2 appeal,technology
New Apple Leak Reveals iPhone 14 Screen Shock,technology
Image depicting iPhone 14 Pro camera highlights where Galaxy S22 Ultra might have an edge,technology
iPhone 14 Pro Max Camera Will Get Huge Upgrade But Still No Match For Android Phones,technology
Apple iPhone 14 to use the same advanced Samsung OLED display as Galaxy Z Flip 4,technology
"When Google Maps struggles, Citymapper comes to my rescue",technology
"I Tried to Survive a Week Without Google Maps, And Here's What I Found",technology
5 Life Saving Hacks of Google Maps You Didn’t Know About,technology
Grand Theft Auto's Cluckin Bell Restaurant Opens in Real Life,technology
6 Ways to Fix the Windows Shell Experience Host Causing High CPU Usage on Windows 10,technology
How to transfer your Outlook emails to Proton Mail,technology
RWC 2023 Qualifier Spotlight: Tonga ｜ Rugby World Cup 2023,sports
Tonga qualifies to RWC after their win over Hong Kong,sports
Rugby World Cup: Tonga qualify as tough pool alongside Ireland awaits,sports
Tonga qualify for Rugby World Cup 2023,sports
Tonga brush aside Hong Kong to secure World Cup qualification,sports
Bayern Munich 0-1 Man City: Erling Haaland scores first City goal just 11 minutes into debut,sports
HIGHLIGHTS! Haaland Scores on Debut! | Bayern Munich 0-1 Man City,sports
Erling Haaland shows what Man City have signed with damning Jack Grealish verdict,sports
Pep Guardiola Gives Erling Haaland Verdict After Manchester City Debut,sports
Pep Guardiola warns Erling Haaland as Man City star told to let football do the talking,sports
Why Crichton's split ear has opened a can of worms | Wide World of Sports,sports
Should the Covid 'bubble' come back for the Finals? | Wide World of Sports,sports
Does Origin and International eligibility need to change? | Wide World of Sports,sports
Would an LIV defection tarnish Smith's legacy? | Wide World of Sports,sports
How do you stop a falling giant? | Wide World of Sports,sports
Josef Newgarden taken to hospital; Pato O'Ward wins at Iowa,sports
Iowa winner O’Ward: “This is the momentum we need”,sports
O'Ward wins second Iowa IndyCar race after Newgarden crashes,sports
HVYEE DEALS.COM 250 // TOP 10 PASSES,sports
Newgarden taken to hospital after heavy Iowa shunt,sports
Douglas Costa x Chicharito x Kévin Cabral | All three LA Galaxy designated players combine for goal,sports
FIELD CAM GOAL PRESENTED BY UNIVERSAL STUDIOS: Kévin Cabral's first goal of 2022,sports
Tina Charles becomes 4th player in WNBA HISTORY with 7000 career points | #shorts,sports
"WNBA Roundup: Charles tops 7,000 career points, Storm beat Dream",sports
Tina Charles and Breanna Stewart combine for 50 PTS & 25 REB in W over the Dream | WNBA on ESPN,sports
"Tina Charles reaches WNBA milestone, scores 27 points as Storm beat Dream",sports
Herd That advances,sports
New All Blacks assistant coach Jason Ryan reacts to appointment | Newshub,sports
All Blacks: John Plumtree and Brad Mooar axed as Jason Ryan joins,sports
All Blacks make coaching changes ahead of Rugby Championship,sports
New Zealand Rugby announces changes to All Blacks coaching group,sports
All Blacks announce new coaching changes as assistants let go,sports
Raevyn Rogers after 6th in 800 at 2022 Worlds,sports
Athing Mu qualifies for 800M finals on Day 8 of World Championships,sports
USA's Raevyn Rogers Makes World Final,sports
"Maloney races in 800m prelims, Perinchief contests triple jump",sports
Former Oregon Ducks star Raevyn Rogers earns berth in women’s 800-meter final at the World Athletics Champion,sports
U.S. storm to another crushing 4x400m men's relay gold,sports
"Felix comes out of retirement, helps 4x400 relay into final",sports
US women storm to third straight w 4x400m relay title,sports
Allyson Felix describes getting the call to run the 4x400 at 2022 Worlds,sports
Athing Mu wins 800 as U.S. wraps dominant world championships,sports
Mu slams the door on Hodgkinson to take 800m gold,sports
"Athing Mu Wins World Championship 800m, First American Woman To Make History",sports
"In a close race, Athing Mu comes away with the expected win.",sports
World Athletics Championships 2022: Athing Mu Clinches 800m Gold,sports
IND vs WI: Shreyas Iyer throws his hat in the ring to bat at No 3 in ODIs,sports
'Things have changed. He's in danger of losing his spot': Agarkar's big warning,sports
Can Shreyas Iyer replace Virat Kohli? Rajkumar Sharma says 'he has been dismissed..',sports
'Things have changed': Ajit Agarkar names one Indian cricketer who is in danger of losing his spot,sports
WI vs IND: Shreyas Iyer Is In Danger Of Losing His Spot - Ajit Agarkar,sports
Bulls Offer Andre Drummond Newfound Stability With Set Role,sports
Bulls' Goran Dragic Could Make 'Legitimate Impact' Next Season,sports
Bulls Andre Drummond Referred to as 'Burnt Toast',sports
Stage 1 highlights: Winning moment - Tour de France Femmes 2022,sports
2022 Tour de France Femmes - Stage 1 Highlights | Eurosport,sports
What does it take to be a good Speedway rider? | Speedway Unlocked | Eurosport,sports
2022 Tour de France Femmes - Stage 1 Last Km | Eurosport,sports
The growth of women's rugby in Kosovo | The Power of Sport | Eurosport,sports
G.O.A.T Talk with Jordan Poole and Moses Moody,sports
Chess Robot Breaks Seven-Year-Old Child’s Finger,sports
Chess robot grabs and breaks finger of seven-year-old opponent,sports
Chess-playing robot breaks finger of 7-year-old boy during match,sports
"Wait A Minute, Mate! Chess Robot Breaks 7-Year-Old Opponent's Finger",sports
Chess Robot Breaks 7-Year Old Opponent's Finger Because He Moved Too Soon,sports
'Unique' Eugene hosted truly global World Championships,sports
"U.S. track athletes dominate at world championships. U.S. fans, not so much.",sports
Athletics-'Unique' Eugene hosted truly global World Championships,sports
"Eugene has mixed success, but it’s just a starting point as World Athletics looks to revive track & field in",sports
First World Championships in US give reasons to be cheerful,sports
"Alex Volkanovski Reveals His Secrets Behind Win Over Max Holloway | Rush Hour with Gus, Jude & Dell",sports
"Tobi Amusan breaks 100m hurdles world record, then runs even faster at track worlds",sports
World Athletics Championships 2022: Tobi Amusan Breaks Record to Win 100m Hurdles Gold,sports
"While You Were Asleep: Nigeria's Amusan wins 100m hurdles gold, Williamson back in NZ white ball tour of WI, Pucovski to train at MRF Academy in Chennai",sports
"World Athletics Championships: Amusan wins 100m hurdles, Ingebrigtsen bags 5,000m gold",sports
Hurdler Amusan sets surprise record in 100m at worlds,sports
Montrezl Harrell drops 30-PIECE in the Drew League,sports
Montrezl Harrell Drops Near DOUBLE-DOUBLE In Drew League | 31 PTS & 9 REB,sports
Daniel Gafford Dropped 14 PTS & 6 REB In The Drew League!,sports
Dominant Ingebrigtsen wins world 5000m gold,sports
Meet Tigrayan Protestor Who Stormed Track After Gudaf Tsegay Won 5000m,sports
Ethiopia's Tsegay holds on to win world 5000m gold,sports
Tsegay comes out on top in 5000m battle - AW,sports
World Athletics President Seb Coe Is Looking To Reduce The Length Of World Champs In The Future,sports
Coe lauds spectacular Wightman win among his world highlights,sports
Athletics-Coe lauds spectacular Wightman win among his world highlights,sports
I'd run a metric mile if Dad tried to coach me,sports
Wightman joins Scottish greats with stunning World 1500m title - Susan Egelstaff,sports
Emotional video shows dad commentating on his son's shocking world title win: 'That's my son',sports
Lewis Hamilton hints he will prolong F1 stay after best finish of the season,sports
Lewis Hamilton becomes first F1 driver to achieve podium finish after 300 races,sports
"Hamilton expects ""smooth sailing"" for Verstappen with ""massive"" points lead · RaceFans",sports
"Plenty of fuel in the tank after 300 races, says Hamilton",sports
Hamilton drops a hint that he COULD remain in Formula One beyond next year,sports
Equal playing field? Why women sports persons get paid less than men,sports
"Black Caps unbeaten, so close for Lydia Ko & Liam Lawson powers to F2 win | nzherald.co.nz",sports
France's Mayer wins second world decathlon title,sports
Medal contenders emerge on dramatic first day of decathlon in Oregon | REPORT | WCH 22,sports
Damian Warner ends chance for medal following injury,sports
Mayer's Sunday surge secures decathlon gold,sports
Olympic champion Warner makes strong start in search for first world decathlon title | REPORT | WCH 22,sports
"Manchester United join race for striker prospect Benjamin Sesko, as Fabrizio Romano confirms Red Devils 'well informed'",sports
Newcastle offered chance to sign Andrea Belotti,sports
Red Bull Salzburg respond as Man Utd enter fray for teenage sensation Benjamin Sesko,sports
Newcastle now 'on the lookout' for Ekitike alternative at St James' Park,sports
Who is Manchester United target Benjamin Sesko?,sports
Highlights: Darren Clarke nails Senior Open win at No. 18 | Golf Channel,sports
Darren Clarke wins The Senior Open presented by Rolex,sports
Senior Open Championship: Darren Clarke wins with 72nd hole birdie,sports
Final-hole birdie gives Darren Clarke 2022 Senior Open win over Padraig Harrington in rain,sports
Darren Clarke gets the senior win he most desired in wet finish at Gleneagles,sports
All-Access | Golden State Warriors Take on 2022 Summer League,sports
Warriors' McClung Has Inside Track to Roster Spot: Report,sports
Golden State Warriors: 3 James Wiseman trades to consider,sports
"Warriors' top offseason addition is actually James Wiseman, whose ask and expectations have been simplified",sports
"Transfer news: Man Utd shortlist new striker, Chelsea blow as Barca agree Kounde deal",sports
"Destination unknown for Ronaldo, De Jong as Barcelona try to hijack Kounde deal",sports
Transfer news live - Ronaldo's loan deal as Tuchel demands more Chelsea signings,sports
"Transfer news LIVE! Kounde to Chelsea latest, Kimpembe; Arsenal want winger; Depay to Spurs; latest rumours",sports
Transfer rumours: Ronaldo's loan deal; Antoine Griezmann up for sale,sports
What Timo Werner may demand amid Thomas Tuchel criticism according to former Chelsea player,sports
Chelsea star 'wants early exit' as Tuchel suffers another blow after Kounde decision,sports
Three of Tuchel's first-team players want to leave Chelsea this summer,sports
Levi Colwill Wants Chelsea Stay As Armando Broja Seeks Thomas Tuchel Assurance In Planned Talks,sports
Chelsea completing Jules Kounde transfer may trigger Tuchel into sanctioning five deals,sports
Tony Finau shoots 4-under 67 | Round 4 | 3M Open,sports
How Tony Finau brought order to an otherwise chaotic finish at the 3M Open,sports
"Finau wins 3M Open by 3 with late surge, Piercy collapse",sports
Fans soak up final day of 3M Open in Blaine,sports
Satoshi Kodaira Round 4 Recap at 2022 3M Open,sports
Players with early-onset dementia to issue proceedings against rugby authorities,sports
RUGBY IN THE DOCK: Brain-damaged former stars launch lawsuit against RFU and World Rugby,sports
More than 100 former Rugby players take legal action against World Rugby about brain damage claims,sports
Former rugby union players set to sue authorities over head injuries,sports
Former players launch historic legal challenge over brain damage,sports
'EVERYONE'S A WINNER!' - Craig Burley calls Gareth Bale at LAFC a 'perfect fit' for him | ESPN FC,sports
"Bale, Arango put LAFC four points clear in Western Conference",sports
Gareth Bale gets off the mark with first goal for LAFC following transfer to MLS,sports
It Wasn’t All Bad: Eight Observations from Sporting KC v LAFC,sports
"Sporting Kansas City vs Los Angeles Prediction, Betting Tips & Odds │24 JULY, 2022",sports
"Former Lakers guard Malik Monk on why 'it'll work out' for LeBron, AD and Westbrook",sports
Former Laker Drops Truth Bomb on LeBron James and Russell Westbrook,sports
"Malik Monk Says LeBron, AD, Russ Can Coexist On Lakers, 'It'll Work Out' | TMZ Sports",sports
"Despite leaving, Malik Monk still believes in the Los Angeles Lakers",sports
"Malik Monk: Lakers' LeBron James, Anthony Davis, Russell Westbrook Will Work Out",sports
How Chelsea have unravelled on their US tour just two weeks before Premier League lift off,sports
"HIGHLIGHTS | Arsenal vs Chelsea (4-0) | Gabriel Jesus, Odegaard, Saka, Lokonga | USA 2022",sports
The seven Chelsea players Thomas Tuchel hinted at transfer exit in damning Arsenal verdict,sports
"(Video): ""It's the same players"" - Thomas Tuchel begs for signings with latest comments » Chelsea News",sports
Thomas Tuchel's 'worrying' Chelsea admission is great news for Manchester United,sports
Anthony Martial forces himself into Erik Ten Hag's plans ahead of Cristiano Ronaldo,sports
Man Utd have told Anthony Martial his transfer future as Juventus place him on wishlist,sports
New Man Utd strategy for Anthony Martial could be tested as attacker becomes plan B for Juventus,sports
Juventus could move for Man United striker should another deal fail,sports
‘Call me insane’ – Manchester United fan makes Anthony Martial Golden Boot prediction following stunning pr...,sports
Lorena Wiebes pips Marianne Vos to win first stage of Tour de France Femmes,sports
Tour de France Femmes stage 1: Live | Cyclingnews,sports
"No, that's not Lorena Wiebes's baby",sports
Tour de France Femmes: How FDJ-Suez-Futuroscope went from development team to world-beaters,sports
Lorena Wiebes: This was my aim from the beginning of the season,sports
Patel fires India to series-clinching win over WI in 2nd ODI,sports
"#WIvIND 2nd ODI review: Axar seals final-over thriller, India clinch series",sports
"Watch: Axar seals last-over thriller with massive six, breaks Dhoni's record",sports
India's Patel says IPL experience helped him produce match-winning knock,sports
Axar Patel's 64 fuels India in series-clinching win over West Indies,sports
"Niko Price 'Had To Take A Step Back To Be Full,' Talks Injury Recovery, Feeling Better Than Ever",sports
Hooda shows promise as potential spin bowling all-rounder,sports
Deepak Hooda Spotted Wearing Prasidh Krishna's Jersey In 2nd ODI vs West Indies. Meme Fest Starts On..,sports
"IND vs WI 2nd ODI: Deepak Hooda wears Prasidh Krishna jersey, netizens make comparison with `old foe` Kruna...",sports
IND vs WI LIVE: Deepak Hooda sports Prasidh Krishna jersey- Check pics,sports
Watch: Deepak Hooda Strikes To Dismiss Dangerous Kyle Mayers In 2nd ODI,sports
Gabriel Jesus' attitude being 'frequently remarked upon' behind the scenes at Arsenal,sports
Arsenal staff all feel the same about Gabriel Jesus following USA pre-season tour,sports
Arsenal: Gabriel Jesus' MOTM highlights vs Chelsea are so good,sports
Gabriel Jesus says Arsenal striker Eddie Nketiah ‘has a lot of quality’,sports
Arsenal’s Gabriel Jesus: Don’t Believe The Striker Hype,sports
Local AUDL team rallies around tragedy,sports
Staying A HEAD #shorts,sports
Lakers News: LA Signs Pair of Five-Year College Players to Deals,sports
Ryan Ward: Lakers announce they've signed Javante McCoy and Fabian White Jr. to Exhibit-10 deals. pi…,sports
"Lakers News: Javante McCoy, Fabian White Jr. sign Exhibit 10 contracts",sports
Lakers Sign Javante McCoy and Fabian White Jr.,sports
Lakers Sign Javante McCoy And Fabian White Jr. To Exhibit 10 Contracts,sports
Charlotte Hornets hosting annual 'Ride at the Hive' fundraiser this weekend,sports
Charlotte Hornets hosting annual 'Ride at the Hive' fundraiser this weekend,sports
Lucia Bronzetti vs. Irina-Camelia Begu | 2022 Palermo Final | WTA Match Highlights,sports
WTA Palermo Final Prediction – Lucia Bronzetti vs Irina Camelia-Begu,sports
Palermo Ladies Open: Lucia Bronzetti & Jasmine Paolini assure Italy of one final spot,sports
Begu triumphs in Palermo for fifth career singles title,sports
Irina-Camelia Begu wins Palermo Ladies Open in a place that 'is special for me',sports
Atletico Madrid fans launch online protest after Cristiano Ronaldo transfer plans emerge,sports
Transfer News: Manchester United prepared to loan out Cristiano...,sports
Cristiano Ronaldo handed shock transfer alternative amid Arsenal and Chelsea talk,sports
Cristiano Ronaldo has already made 'loyalty' stance as star linked with Atletico Madrid,sports
Cristiano Ronaldo should listen to Man Utd exit warning despite Atletico Madrid interest,sports
Frenkie de Jong at CENTRE-BACK?! Xavi's sending out messages | ESPN FC,sports
Barcelona president gives fresh update on Manchester United target Frenkie de Jong,sports
Xavi’s comments on De Jong proves why midfielder should join Man Utd – opinion,sports
Man Utd: £72m target 'open' to move amid 'agreement' at Old Trafford,sports
Frenkie de Jong 'handed Barcelona pay-cut ultimatum' over mega-money £72m Man Utd transfer,sports
'This has been his dream' | ETSU basketball players help Elizabethton boy's wish come true,sports
ETSU basketball teams help 12-year-old cancer patient's wish come true,sports
'This has been his dream.' ETSU basketball players help Elizabethton boy's wish come true,sports
"Levi wished big, but what he got was even bigger",sports
ETSU basketball teams help 12-year-old cancer patient’s wish come true,sports
"'When a weapon like him can get you wickets, why do you leave it for later?'",sports
Watch: Shikhar Dhawan Leads Team India's Crazy Celebration After WI Series Win,sports
West Indies vs India: Shikhar Dhawan's India register third-highest successful ODI run-chase in the Caribbean,sports
IND vs WI ODI: India celebrate after winning 2nd ODI: Follow Live,sports
No place for Shikhar Dhawan in THIS Indian team: Former Indian cricketer makes BOLD prediction,sports
Chelsea suffer potentially huge Jules Kounde blow after Barcelona handed transfer boost,sports
Chelsea weigh up move for £60m-rated defender after doing 'everything' to land Kounde,sports
Chelsea on the Verge of Securing ‘World-Class’ Signing After Rapid Transfer Progress,sports
Chelsea could drop out of race to sign Kounde because of Tuchel’s initial priorities,sports
Opinion: What If Chelsea Can't Sign Sevilla Star Jules Kounde?,sports
Manchester United lining up a move for Denzel Dumfries,sports
Ten Hag in 'pole position' for €40m full-back as Man Utd need 'fair offer' for transfer,sports
Man Utd: Ten Hag sees £25k-a-week star as 'important player' at Old Trafford,sports
Report: Man Utd to intensify interest in £34m Newcastle & Spurs target,sports
Man Utd transfer news: Denzel Dumfries reports grow as Ten Hag makes move and Inter chief angers manager by naming price,sports
Christian Eriksen seen for first time since completing Man Utd transfer as he gets acquainted with rainy...,sports
Christian Eriksen spotted in Manchester for first time since United move,sports
Exclusive: Lisandro Martinez & Christian Eriksen Could Join Manchester United Training On Tuesday,sports
Rio Ferdinand has theory about Frenkie de Jong position amid Manchester United interest,sports
Martinez & Eriksen ‘could train’ with new Man United teammates for first time,sports
Bills open training camp,sports
Poyer focused on contribution to Bills amid ongoing contract discussions,sports
Bills training camp: Sean McDermott,sports
"On Day 1 of Bills training camp, turkey burgers and toilet paper unexpectedly dominate the conversation",sports
Everyone expected to do their part in Bills quarterback room,sports
Man City last man standing Kevin De Bruyne places faith in Pep Guardiola over summer transfer deals,sports
Kevin De Bruyne admits he feels ‘old’ as only surviving member of Man City squad inherited by Pep Gua...,sports
Two Man City forwards can unleash Kevin de Bruyne in his most dangerous role,sports
Karim Benzema OR BUST for Real Madrid this season?! | ESPN FC,sports
Ancelotti: This Real Madrid squad is better than last season's,sports
Carlo Ancelotti explains strange Antonio Rudiger position in El Clasico,sports
"Ancelotti: ""We were better on the ball in the second half""",sports
Ancelotti: “I don’t want to break up the successful team of last season”,sports
"Bills focused on learning from past mistakes, with added star power",sports
10 most important Bills of 2022: No. 5 Mitch Morse,sports
2022 Buffalo Bills betting preview,sports
"Sullivan: Super Bowl no lock for Bills, who will be challenged this season",sports
10 most important Bills of 2022: No. 6 DL DaQuan Jones,sports
Chelsea Foundation work continues in Orlando | News | Official Site,sports
Gallery: Open training delights fans in Florida | News | Official Site | Chelsea Football Club,sports
The best social posts from Chelsea's USA tour so far,sports
Fans return to St. John Fisher to kick off Bills camp,sports
Anticipation builds among Buffalo Bills fan base in Rochester for next season,sports
Manchester United are braced to begin the season WITHOUT Cristiano Ronaldo,sports
Diogo Dalot sends message to Cristiano Ronaldo and opens up on Erik ten Hag outburst,sports
Manchester United transfer news RECAP Frenkie de Jong to Man United and Cristiano Ronaldo updates,sports
Opinion: What are Ronaldo’s options for the new season?,sports
Cristiano Ronaldo's camp urged to take action as Man Utd star 'shocked' by twist,sports
Tuchel talks transfer targets | News | Official Site,sports
"HIGHLIGHTS: York United vs Atletico Ottawa (July 24th, 2022)",sports
"How to Watch Atletico Ottawa at York United FC: Live Stream, TV Channel, Start Time",sports
Yair Rodriguez weighs in on Alexander Volkanovski’s move to 155,sports
Henry Cejudo Wants Alexander Volkanovski Title Fight; Would Be 3rd UFC Division Title,sports
"Charles Rosa believes former foe Yair Rodriguez has the ""kryptonite"" to end Alexander Volkanovski's featherweight reign",sports
EXCLUSIVE: Alexander Volkanovski says rise to UFC superstardom hasn't changed him,sports
Here’s why Real Madrid just have to sign a striker now,sports
Real Madrid set to sell Mayoral to Getafe for €10 million -report,sports
Borja Mayoral set for Getafe switch,sports
Napoli join Fulham in race for Barcelona goalkeeper Neto - report,sports
FC Barcelona on the verge of finding a solution for Neto's departure,sports
Barcelona close to finding Neto a new club with a number of offers on the table,sports
Player 'debating between' Fulham and another club - 'Had all the tickets' for move elsewhere,sports
Jimmer Fredette SHINES in 29-PT domination to help The Money Team advance to second round,sports
Jimmer Fredette's acrobatic And-1 gives TMT the lead,sports
Jimmer Fredette puts a filthy move on his defender for the bucket,sports
"Lucas Paqueta to Arsenal transfer: Edu admission, Arteta 'pushing' for move, player's stance - football.london",sports
Arsenal could now move for £58m ‘huge talent’ at the Emirates,sports
'I like him a lot' - Paqueta to Arsenal transfer links addressed by club director Edu,sports
Edu provides update on Arsenal links with Lucas Paqueta,sports
Arsenal: £34m South American 'would love move' to the Emirates,sports
Arsenal transfer target Arthur Melo reacts to thumping victory over Chelsea,sports
Gabriel Jesus makes Mikel Arteta worry as William Saliba helps Arsenal overcome defensive crisis,sports
Mikel Arteta provides injury update as Arsenal’s US tour concludes,sports
Arsenal boss Arteta 'interested' in more Brazilian firepower despite thrashing Chelsea,sports
Arsenal 'transfer target' Arthur Melo sends Gabriel Jesus message after impressive Chelsea win,sports
